[{"model": "contenttypes.contenttype", "fields": {"app_label": "admin", "model": "logentry"}}, {"model": "contenttypes.contenttype", "fields": {"app_label": "auth", "model": "permission"}}, {"model": "contenttypes.contenttype", "fields": {"app_label": "auth", "model": "group"}}, {"model": "contenttypes.contenttype", "fields": {"app_label": "auth", "model": "user"}}, {"model": "contenttypes.contenttype", "fields": {"app_label": "contenttypes", "model": "contenttype"}}, {"model": "contenttypes.contenttype", "fields": {"app_label": "sessions", "model": "session"}}, {"model": "contenttypes.contenttype", "fields": {"app_label": "shop", "model": "brand"}}, {"model": "contenttypes.contenttype", "fields": {"app_label": "shop", "model": "category_front_page"}}, {"model": "contenttypes.contenttype", "fields": {"app_label": "shop", "model": "rating"}}, {"model": "contenttypes.contenttype", "fields": {"app_label": "shop", "model": "category"}}, {"model": "contenttypes.contenttype", "fields": {"app_label": "shop", "model": "subcategory"}}, {"model": "contenttypes.contenttype", "fields": {"app_label": "shop", "model": "product"}}, {"model": "contenttypes.contenttype", "fields": {"app_label": "shop", "model": "review"}}, {"model": "contenttypes.contenttype", "fields": {"app_label": "shop", "model": "shop"}}, {"model": "sessions.session", "pk": "hwsry394a6k8mspu4c4kcqt4da5dlwm6", "fields": {"session_data": ".eJxVjDsOwyAQRO9CHSEvX5Myvc-AlgWCkwgkY1dR7h5bcpFUI817M2_mcVuL33pa_BzZlQG7_HYB6ZnqAeID671xanVd5sAPhZ-086nF9Lqd7t9BwV72NWYyYnQZyASwVlhLKJWWWhlQTo0yA0owiqTeEwUYOTiwpIdATtnIPl-7ETZ5:1rsV9q:FJB21vLM74G1MXEMM3cI9upeZScof5A0CUu670gf4rI", "expire_date": "2024-04-18T22:02:06.790Z"}}, {"model": "shop.brand", "pk": 1, "fields": {"name": "ADH", "image": "static/brand_images/ADH-NEW.png"}}, {"model": "shop.brand", "pk": 2, "fields": {"name": "Aiwa", "image": "static/brand_images/aiwa-572-logo-png-transparent.png"}}, {"model": "shop.brand", "pk": 3, "fields": {"name": "Changhong", "image": "static/brand_images/R.png"}}, {"model": "shop.brand", "pk": 4, "fields": {"name": "SPJ", "image": "static/brand_images/1643721633635.jpg"}}, {"model": "shop.brand", "pk": 5, "fields": {"name": "Sayona Apps", "image": "static/brand_images/SayonaApp.png"}}, {"model": "shop.brand", "pk": 6, "fields": {"name": "LG", "image": "static/brand_images/R.jpg"}}, {"model": "shop.brand", "pk": 7, "fields": {"name": "ONIDA", "image": "static/brand_images/ONIDA.jpg"}}, {"model": "shop.brand", "pk": 8, "fields": {"name": "HITACHI", "image": "static/brand_images/hitachi-logo.png"}}, {"model": "shop.brand", "pk": 9, "fields": {"name": "Sollatech", "image": "static/brand_images/sollatec.jpg"}}, {"model": "shop.brand", "pk": 10, "fields": {"name": "Samsung", "image": "static/brand_images/Samsung.png"}}, {"model": "shop.brand", "pk": 11, "fields": {"name": "Hisense", "image": "static/brand_images/OIP.jpg"}}, {"model": "shop.brand", "pk": 12, "fields": {"name": "Smartech", "image": "static/brand_images/Smartech.jpg"}}, {"model": "shop.brand", "pk": 13, "fields": {"name": "Sky", "image": "static/brand_images/Sky-Logo.jpg"}}, {"model": "shop.brand", "pk": 14, "fields": {"name": "Chiq", "image": "static/brand_images/R_2Igvak8.png"}}, {"model": "shop.rating", "pk": 1, "fields": {"rating": 1}}, {"model": "shop.rating", "pk": 2, "fields": {"rating": 2}}, {"model": "shop.rating", "pk": 3, "fields": {"rating": 3}}, {"model": "shop.rating", "pk": 4, "fields": {"rating": 4}}, {"model": "shop.rating", "pk": 5, "fields": {"rating": 5}}, {"model": "shop.category", "pk": 1, "fields": {"name": "tvs", "image": "static/category_images/1.jpg"}}, {"model": "shop.category", "pk": 2, "fields": {"name": "audio", "image": "static/category_images/1_l66OEK7.jpg"}}, {"model": "shop.category", "pk": 3, "fields": {"name": "appliances", "image": "static/category_images/1_ssrcbDc.jpg"}}, {"model": "shop.category", "pk": 4, "fields": {"name": "phones and tablets", "image": "static/category_images/2.jpg"}}, {"model": "shop.category", "pk": 5, "fields": {"name": "watches", "image": "static/category_images/1_5qqoQrV.jpg"}}, {"model": "shop.category", "pk": 6, "fields": {"name": "phone accesories", "image": "static/category_images/1_Knd92o8.jpg"}}, {"model": "shop.category", "pk": 8, "fields": {"name": "Computing", "image": "static/category_images/1_ANvO91V.jpg"}}, {"model": "shop.category", "pk": 9, "fields": {"name": "Cameras and Photography", "image": "static/category_images/1_ltTh6To.jpg"}}, {"model": "shop.subcategory", "pk": 1, "fields": {"name": "Refrigerators", "image": "static/subcat_images/1.jpg", "category": 3}}, {"model": "shop.subcategory", "pk": 2, "fields": {"name": "Cookers", "image": "static/subcat_images/1_ioFhQUs.jpg", "category": 3}}, {"model": "shop.subcategory", "pk": 3, "fields": {"name": "Microwave Ovens", "image": "static/subcat_images/1_TWGQ9AK.jpg", "category": 3}}, {"model": "shop.subcategory", "pk": 4, "fields": {"name": "Kettles", "image": "static/subcat_images/1_HUA19OS.jpg", "category": 3}}, {"model": "shop.subcategory", "pk": 5, "fields": {"name": "Blenders", "image": "static/subcat_images/1_tACZCX0.jpg", "category": 3}}, {"model": "shop.subcategory", "pk": 6, "fields": {"name": "Ironing & Laundry", "image": "static/subcat_images/1_fFbGq8U.jpg", "category": 3}}, {"model": "shop.subcategory", "pk": 7, "fields": {"name": "Toasters and Ovens", "image": "static/subcat_images/1_1SYnz5x.jpg", "category": 3}}, {"model": "shop.subcategory", "pk": 8, "fields": {"name": "Air Friers", "image": "static/subcat_images/1_Ii58vTL.jpg", "category": 3}}, {"model": "shop.subcategory", "pk": 9, "fields": {"name": "Rice Cookers", "image": "static/subcat_images/1_UvzBIaU.jpg", "category": 3}}, {"model": "shop.subcategory", "pk": 10, "fields": {"name": "Washers and Driers", "image": "static/subcat_images/1_izsaHJI.jpg", "category": 3}}, {"model": "shop.subcategory", "pk": 11, "fields": {"name": "Water dispernsers and coolers", "image": "static/subcat_images/1_jAoCkjW.jpg", "category": 3}}, {"model": "shop.subcategory", "pk": 12, "fields": {"name": "Dish Washers", "image": "static/subcat_images/1_TTkXnhf.jpg", "category": 3}}, {"model": "shop.subcategory", "pk": 13, "fields": {"name": "Fridge Guards", "image": "static/subcat_images/1_HO1egmS.jpg", "category": 3}}, {"model": "shop.subcategory", "pk": 14, "fields": {"name": "Cooking Appliance", "image": "static/subcat_images/1_HS0TmWT.jpg", "category": 3}}, {"model": "shop.subcategory", "pk": 15, "fields": {"name": "LED and LCD", "image": "static/subcat_images/1_jQVvgxc.jpg", "category": 1}}, {"model": "shop.subcategory", "pk": 16, "fields": {"name": "Smart TVs", "image": "static/subcat_images/1_5UZEEkp.jpg", "category": 1}}, {"model": "shop.subcategory", "pk": 17, "fields": {"name": "Portable Audio", "image": "static/subcat_images/1_QI2jqIl.jpg", "category": 2}}, {"model": "shop.subcategory", "pk": 18, "fields": {"name": "Phones", "image": "static/subcat_images/1_VQ3vp5S.jpg", "category": 4}}, {"model": "shop.subcategory", "pk": 19, "fields": {"name": "Cell Phones", "image": "static/subcat_images/1_iQvqpbT.jpg", "category": 4}}, {"model": "shop.subcategory", "pk": 20, "fields": {"name": "Tablets", "image": "static/subcat_images/1_fALJTlh.jpg", "category": 4}}, {"model": "shop.subcategory", "pk": 21, "fields": {"name": "Smart Watches", "image": "static/subcat_images/1_FVFaYDh.jpg", "category": 5}}, {"model": "shop.subcategory", "pk": 22, "fields": {"name": "Phone Accesories", "image": "static/subcat_images/1_N9SjaGi.jpg", "category": 4}}, {"model": "shop.subcategory", "pk": 23, "fields": {"name": "Chargers", "image": "static/subcat_images/1_VfdUNfP.jpg", "category": 6}}, {"model": "shop.subcategory", "pk": 24, "fields": {"name": "Batteries", "image": "static/subcat_images/1_hnqfbqT.jpg", "category": 6}}, {"model": "shop.subcategory", "pk": 25, "fields": {"name": "Head Sets", "image": "static/subcat_images/1_XneyAX8.jpg", "category": 6}}, {"model": "shop.subcategory", "pk": 26, "fields": {"name": "Memory Cards", "image": "static/subcat_images/1_8vs3ZqZ.jpg", "category": 6}}, {"model": "shop.subcategory", "pk": 27, "fields": {"name": "Phone Cases", "image": "static/subcat_images/1_2FqtE78.jpg", "category": 6}}, {"model": "shop.subcategory", "pk": 28, "fields": {"name": "Selfie Stick and Tripods", "image": "static/subcat_images/1_AfTf7mp.jpg", "category": 6}}, {"model": "shop.product", "pk": 1, "fields": {"name": "SPJ 120 Liters Single Door Refrigerator - Silver", "image": "static/product_images/2.jpg", "price": 399000, "discount": 0, "brand": 4, "reviews": null, "detail": "120 Litres Single Door Refrigerator \r\n \r\n\r\n\r\nFeet Energy Star compact fridge is a true space saver for places like a studio apartment, tiny house or home office. Adjustable, removable shelves allow you to customize the interior. The inside of the door is perfect to hold both bottles and cans of your favorite beverage. The freezer compartment also means you’ll have a place for your ready-to-eat frozen meal and a pint of your favorite ice cream for dessert.\r\n\r\n \r\n\r\nStorage\r\n\r\nEnjoy the additional storage provided by the custom design of the inside of the door.\r\n\r\n \r\n\r\nFreezer\r\n\r\nPerfect for when you want a 'ready to eat' meal on hand or to satisfy a craving.\r\n\r\n \r\n\r\nAdjustable\r\n\r\nOrganize pretty much anyway you want with shelves that are both adjustable and removable.", "weight": 10, "color": "Silver", "type": "120 Liters", "specifications": "KEY FEATURES\r\n120 LITRES GROSS\r\n100 LITRES NET\r\nADJUSTABLE GLASS SHELVES\r\nLOCK AND KEY\r\nICE AND EGG TRAY\r\nINSIDE LIGHT\r\nCRISPER DRAWER\r\nPOWERFUL COMPRESSOR", "category": 3, "subcategory": 1, "model": "RFS120SLW", "shop": null, "items_left": 75}}, {"model": "shop.product", "pk": 2, "fields": {"name": "SPJ 229 Litres Double Door Refrigerator - INOX", "image": "static/product_images/1.jpg", "price": 858700, "discount": 0, "brand": 4, "reviews": null, "detail": "229 Litres Double Door Refrigerator - INOX\r\nFeet Energy Star compact fridge is a true space saver for places like a studio apartment, tiny house or home office. Adjustable, removable shelves allow you to customize the interior. The inside of the door is perfect to hold both bottles and cans of your favorite beverage. The freezer compartment also means you’ll have a place for your ready-to-eat frozen meal and a pint of your favorite ice cream for dessert.\r\n\r\nStorageEnjoy the additional storage provided by the custom design of the inside of the door.\r\n\r\nFreezerPerfect for when you want a 'ready to eat' meal on hand or to satisfy a craving.\r\n\r\nAdjustableOrganize pretty much anyway you want with shelves that are both adjustable and removable.\r\n\r\nSPECIFICATIONS\r\n\r\n229 LITRES GROSS\r\n\r\n165 LITRES NET\r\n\r\nFROST FREE\r\n\r\nADJUSTABLE GLASS SHELVES\r\n\r\nLOCK AND KEY\r\n\r\nICE AND EGG TRAY\r\n\r\nINSIDE LIGHT\r\n\r\nCRISPER DRAWER\r\n\r\nPOWERFUL COMPRESSOR\r\n\r\nLOW NOISE DESIGN", "weight": 20, "color": "Silver", "type": "229 Liters", "specifications": "SKU: SP667HA08Y00TNAFAMZ\r\nProduct Line: Our products are manufactured by SPJ\r\nModel: RF-INS229C\r\nProduction Country: China\r\nSize (L x W x H cm): W x D x H :- 48 x 53 x 154.5\r\nWeight (kg): 20\r\nColor: INOX\r\nMain Material: Metal\r\nShop Type: Jumia Mall\r\nWarranty Address: Ntinda Industrial Area", "category": 3, "subcategory": 1, "model": "RFS120SLW", "shop": null, "items_left": 79}}, {"model": "shop.product", "pk": 3, "fields": {"name": "SPJ 270L Double Door Fridge With Top Mount Freezer", "image": "static/product_images/1_K0FF7xY.jpg", "price": 836200, "discount": 0, "brand": 4, "reviews": null, "detail": "SPJ 270L Double Door Fridge With Top Mount Freezer \r\n\r\n \r\n\r\nThe SPJ 270L Double Door Refrigerator with an optimised system design for a quieter life with low noise operation from your appliance. This product has a removable multiple-sealed door that can effectively isolate external heat and is also easy to clean. This product also has a multi-air flow system that distributes cold air evenly at each corner so that food quickly reaches the ideal storage temperature.\r\n\r\n \r\n\r\nFreshness:\r\n\r\n Keep all your food and drinks fresh with the SPJ  270L Top Mount Freezer Double Door Refrigerator . This fridge has all the features necessary; bottom freezer, single Vegetable & Fruit Drawer, door pockets, Chill Compartment and many more modern features to give you the very best in refrigerators\r\n\r\n \r\n\r\nStylish:\r\n\r\n SPJ refrigerators have a stylish exterior and spacious interior with multiple compartments to store products. SPJ refrigerators are equipped with more efficient cooling systems that keep your food fresh for longer time. It keeps your items cool for 24 hours after picking without consuming energy. This is the best energy and eco-friendly refrigerator on the market\r\n\r\n \r\n\r\nFamily Refrigerator: \r\n\r\nIts an integral part of your family’s day-to-day life. We rely on refrigerators as you move through the workweek or weekend; efficient or large-capacity refrigerators such as double door SPJ 270L Double Door Refrigerator  has the capacity to works with low voltages and can survive constant voltage fluctuations. Its mechanical control feature means that you can manually adjust the temperature settings to whichever suits your needs. \r\n\r\n \r\n\r\nThis SPJ refrigerator is also very easy to maintain. This is due to the anti-rust outer body and the inner body is made with galvanized metal. The multi-air cooling function of the SPJ  270L Two Door Refrigerator ensures freshness of consumables at all times. Upon purchase of the refrigerator unit, it comes packaged with a user manual  As the saying goes, Health is wealth; keep food items, fruits and vegetable fresh and crisp in this Refrigerator at all times. It has a cooling retention capacity of up to 48 hours. The bottom refrigerator door comes with bottle holder compartments and an egg tray. Its sleek silver design can blend in with any decor.", "weight": 8, "color": "Silver", "type": "270 Liters", "specifications": "SKU: SP667HA1ZE79ZNAFAMZ\r\nWeight (kg): 8\r\nColor: Silver\r\nWarranty Address: Ntinda Industrial Area", "category": 3, "subcategory": 1, "model": "RFS120SLW", "shop": null, "items_left": 37}}, {"model": "shop.product", "pk": 4, "fields": {"name": "Hisense 229 Litres Single Door Silver Fridge With", "image": "static/product_images/1_kHXIcI7.jpg", "price": 895701, "discount": 0, "brand": 11, "reviews": null, "detail": "This single-door refrigerator comes with total no-frost multi-air flow system which will keep your food in great shape. The salad crisper will ensure your greens stay fresh for longer. The Eco energy function and holiday function will make sure that your electricity bills stays small. The fridge comes with interior light and the freezer box has a twist-style ice maker.\r\n\r\n\r\n\r\nKey Features & Benefits\r\n\r\nMulti -air flow system\r\n\r\nSuper cool/ super freeze function\r\n\r\nSalad crisper and transparent easy-slide drawer\r\n\r\n\r\n\r\nTechnical Specifications\r\n\r\nBrand\tHisense\r\nModel Number\tRR229D4WGU\r\nAdjustable shelves\tYes\r\nWarranty\t3 year manufacturer's warranty\r\nAir-flow cooling\tYes\r\nCFC free\tYes\r\nDimensions\t51.9 x 53.6 x 128 cm\r\nControls\tYes\r\nWeight\t35 kg\r\nDigital display\tNo\r\nType\tSingle Door Refrigerator\r\nDimensions\t169.8 x 59.5 x 67.5\r\nClear drawer fronts\tYes\r\nDoor\t1\r\nFast chill function\tYes\r\nDefrosting\tAuto\r\nInterior light\tYes\r\nNumber of door compartments\t1\r\nTemperature/open door warning\tNo\r\nFast freeze function\tYes\r\nTotal storage capacity\t150\r\nDoor features\tSingle Door\r\nIce dispenser\tYes\r\nType\tFridge Freezers\r\nModel name\tRR229D4WGU\r\nColour\tSteel\r\nWaterdispenser\tNo\r\nNumber of salad crispers\t1\r\nShelves\t2\r\nDigital Display\tNo\r\nInterior Light\tYes\r\nAdjustable Shelves\tYes\r\nNumber of Doors\tSingle Door\r\nDoor Features\tSingle Door Refrigerator\r\nFreezer Storage Capacity\t21 Litres\r\nFridge Auto-defrost\tYes\r\nFridge Storage Capacity\t155 Litres\r\nNumber of Door Compartments\t1\r\nTotal Storage Capacity\t229 L", "weight": 30, "color": "Silver", "type": "229", "specifications": "Color: Silver\r\nGross Volume : 229 Litres \r\nNet Rated Volume : 177 Litres\r\nBrand: Hisense \r\nModel: RR229D4WGU\r\nCool Fresh Room\r\nAdjustable Spill-proof Shelves\r\nLarger Rack\r\nBig Vegetable box\r\nWater dispenser\r\nSemi-automatic Defrosting\r\nColourful Panel\r\nDouble Handle Design\r\nIndependent Freezer", "category": 3, "subcategory": 1, "model": "RR229D4WGU120SLW", "shop": null, "items_left": 74}}, {"model": "shop.product", "pk": 5, "fields": {"name": "SPJ 399 Litres Combo Double Door Bottom Freezer Fr", "image": "static/product_images/1_NHAhf7m.jpg", "price": 1201100, "discount": 0, "brand": 11, "reviews": null, "detail": "Multi air flow systemA refrigerators which has a stylish exterior and spacious interior with multiple compartments to store products.  The refrigerator which is equipped with more efficient cooling systems that keep your food fresher for longer.\r\n\r\nA Double Door Fridge, Top Mount Freezer 399L is \r\nFast freeze functionThe refrigerator has a fast freeze function that enables fast freezing at ones choice thus this enables no fear. \r\nAdjustable Shelves: The spacious refrigerator provides various shelves that can easily be adjusted according to ones like fof storage thus the shelves are movable to ones wish. \r\nDouble Door Refrigerator 349-litre gross capacity Top mount freezer Smart electronic control Interior LED light for fridge compartment Input Voltage: 220-240V Multi-air flow system Humidity Control Silver in Color The post Hisense Double Door Fridge, Top Mount Freezer 399L.", "weight": 7, "color": "Silver", "type": "399", "specifications": "399Litres\r\nModel No: RFBINU399C\r\nSmart Frost\r\nSilver \r\nTwo doors\r\nBottom freezer\r\nAdjustable Glass Shelves\r\nLED Display\r\nIce And Egg Tray\r\nInside Light\r\nCrisper Drawer\r\nPowerful Compressor\r\nLow Noise Design\r\nElectronic Temperature Control", "category": 3, "subcategory": 1, "model": "RR229D4WGU120SLW", "shop": null, "items_left": 68}}, {"model": "shop.product", "pk": 6, "fields": {"name": "Hisense Mini Fridge Hisense 1", "image": "static/product_images/1_dLxzFJ9.jpg", "price": 500000, "discount": 0, "brand": 11, "reviews": null, "detail": "This bar sized refrigerator is ideal for lifestyles requiring smaller spaces at affordable running costs. Two tempered, spill proof glass shelves are removable and adjustable to ensure that you can choose the configuration ideal for you. \r\n\r\nEssential in insulating the interior of the fridge from external heat, the door seals are also removable, significantly improving ease of cleaning. The temperature of the fridge can be controlled depedning on preference by use of the sturdy manual control located inside the fridge. \r\n\r\nThe door to the refrigerator is reversable - that is, it can be modified to open either to the left or the right. This is great for fitting the fridge in the space that's best suited for access. This fridge comes with a 3 year manufacturers warranty for ease of mind.", "weight": 15, "color": "Silver", "type": "120", "specifications": "SKU: HI368HL0W9TR8NAFAMZ\r\nModel: Hisense 120L\r\nSize (L x W x H cm): 0.0\r\nWeight (kg): 15\r\nColor: Silver\r\nCapacity (L): 120\r\n120L Bar Refrigerator\r\nR600a\r\nColor: Silver\r\nGlass Shelves\r\nFull Width Chiller\r\nDimensions (mm) HxWxD 820x515x543", "category": 3, "subcategory": 1, "model": "RR229D4WGU120SLW", "shop": null, "items_left": 34}}, {"model": "shop.product", "pk": 7, "fields": {"name": "SPJ 120 Liters Single Door Refrigerator - Black", "image": "static/product_images/1_5bFyFSD.jpg", "price": 407700, "discount": 0, "brand": 4, "reviews": null, "detail": "Feet Energy Star compact fridge is a true space saver for places like a studio apartment, tiny house or home office. Adjustable, removable shelves allow you to customize the interior. The inside of the door is perfect to hold both bottles and cans of your favorite beverage. The freezer compartment also means you’ll have a place for your ready-to-eat frozen meal and a pint of your favorite ice cream for dessert.\r\n\r\n \r\n\r\nStorage\r\n\r\nEnjoy the additional storage provided by the custom design of the inside of the door.\r\n\r\n \r\n\r\nFreezer\r\n\r\nPerfect for when you want a 'ready to eat' meal on hand or to satisfy a craving.\r\n\r\n \r\n\r\nAdjustable\r\n\r\nOrganize pretty much anyway you want with shelves that are both adjustable and removable", "weight": 10, "color": "black", "type": "120", "specifications": "120 LITRES GROSS\r\n100 LITRES NET\r\nADJUSTABLE GLASS SHELVES\r\nLOCK AND KEY\r\nEGG TRAY\r\nINSIDE LIGHT\r\nCRISPER DRAWER\r\nPOWERFUL COMPRESSOR\r\nSKU: SP667HA13Q3ULNAFAMZ\r\nModel: RFS120BLW\r\nWeight (kg): 10\r\nColor: Black\r\nWarranty Address: Ntinda Industrial Area", "category": 3, "subcategory": 1, "model": "RFS120SLW", "shop": null, "items_left": 82}}, {"model": "shop.product", "pk": 8, "fields": {"name": "Hisense 341 Litres Double Door Bottom Freezer (Def", "image": "static/product_images/1_OcGRBtJ.jpg", "price": 1456600, "discount": 0, "brand": 11, "reviews": null, "detail": "Hisense refrigerators have a stylish exterior and spacious interior with multiple compartments to store products. Hisense refrigerators are equipped with more efficient cooling systems that keep your food fresher for longer.", "weight": 20, "color": "Silver", "type": "341 Litres", "specifications": "SKU: HI368HA0NRUFYNAFAMZ\r\nModel: Rb341D4Wgu\r\nWeight (kg): 0.1\r\nColor: Silver\r\nMain Material: …\r\nShop Type: Jumia Mall\r\nWarranty Address: Bugolobi Plot M806 Channel Lane\r\nWarranty Type: Replacement by Vendor|Repair by Vendor|Service Center - Kampala", "category": 3, "subcategory": 1, "model": "Rb341D4Wgu", "shop": null, "items_left": 43}}, {"model": "shop.product", "pk": 9, "fields": {"name": "SPJ 699 Litres Side By Side Elegant French Door Re", "image": "static/product_images/1_8EtkBNV.jpg", "price": 2885900, "discount": 0, "brand": 4, "reviews": null, "detail": "699 Litres Side By Side Elegant French Door Refrigerator - Black\r\n\r\n\r\nKeep your perishables fresh and your kitchen classy with the SPJ 699 Pure Flat Stainless French Door Fridge. Driven by an inverter compressor motor, the fridge operates efficiently and quietly.\r\n\r\nThis French-door refrigerator comes with a total no-frost multi-air flow system which will keep your food fresh. The salad crisper will ensure your greens stay fresh for longer. The Eco energy function and holiday function will make sure that your electricity bills stay small. The fridge comes with interior light and the freezer box has a twist-style icemaker.\r\n\r\nFeatures & Benefits\r\n\r\nMulti-air flow system\r\nSuper cool/ super freeze function\r\nSalad crisper and transparent easy-slide drawer", "weight": 20, "color": "Black", "type": "Glass", "specifications": "SKU: SP667HA0YJVA7NAFAMZ\r\nProduct Line: Our products are manufactured by SPJ\r\nModel: RF-BLT699C\r\nProduction Country: China\r\nSize (L x W x H cm): W x D x H : 90 x 70 x 176.5\r\nWeight (kg): 20\r\nCertifications: Eco Friendly\r\nColor: Black\r\nMain Material: Glass", "category": 3, "subcategory": 1, "model": "RF-BLT699C", "shop": null, "items_left": 38}}, {"model": "shop.product", "pk": 10, "fields": {"name": "ADH 168 Litres Top Freezer Double Door Refrigerato", "image": "static/product_images/1_FaaMQre.jpg", "price": 724400, "discount": 0, "brand": 4, "reviews": null, "detail": "ADH 168Litres Top Freezer Double Door Refrigerator\r\n\r\nThe ADH 168Litres Top Freezer Double Door Refrigerator is the perfect addition to your home. With its spacious interior and double door design, this refrigerator has plenty of room for all your groceries. The top freezer is perfect for storing frozen items, while the bottom refrigerator section has ample space for fresh produce, leftovers, and beverages.\r\n\r\n\r\nThis refrigerator features adjustable shelves, allowing you to customize the interior to fit your needs. The door shelves are perfect for storing smaller items like condiments, while the interior shelves are great for larger items like cartons of milk or juice.\r\n\r\n\r\nThe ADH 168Litres Top Freezer Double Door Refrigerator is equipped with a frost-free cooling system, meaning you never have to manually defrost the freezer. The refrigerator also features an energy-saving mode, helping you to save money on your electricity bill.\r\n\r\n\r\nWith its sleek design and functionality, this refrigerator is the perfect addition to any kitchen. Order now and start enjoying the convenience and style of the ADH 168Litres Top Freezer Double Door Refrigerator.", "weight": 10, "color": "Grey", "type": "168 Litres", "specifications": "- Energy-efficient compressor reduces power consumption\r\n- Frost-free operation prevents ice buildup in the freezer\r\n- Large storage capacity of 168 liters\r\n- Adjustable shelves allow for flexible storage options\r\n- Reversible door can be opened from either side for added convenience", "category": 3, "subcategory": 1, "model": "AD945HA2", "shop": null, "items_left": 33}}, {"model": "shop.product", "pk": 11, "fields": {"name": "Hisense Mini Fridge Hisense 1", "image": "static/product_images/1_XHKb3ha.jpg", "price": 500000, "discount": 0, "brand": 11, "reviews": null, "detail": "This bar sized refrigerator is ideal for lifestyles requiring smaller spaces at affordable running costs. Two tempered, spill proof glass shelves are removable and adjustable to ensure that you can choose the configuration ideal for you. \r\n\r\nEssential in insulating the interior of the fridge from external heat, the door seals are also removable, significantly improving ease of cleaning. The temperature of the fridge can be controlled depedning on preference by use of the sturdy manual control located inside the fridge. \r\n\r\nThe door to the refrigerator is reversable - that is, it can be modified to open either to the left or the right. This is great for fitting the fridge in the space that's best suited for access. This fridge comes with a 3 year manufacturers warranty for ease of mind.", "weight": 15, "color": "Silver", "type": "120L", "specifications": "120L Bar Refrigerator\r\nR600a\r\nColor: Silver\r\nGlass Shelves\r\nFull Width Chiller\r\nDimensions (mm) HxWxD 820x515x543\r\nSKU: HI368HL0W9TR8NAFAMZ\r\nModel: Hisense 120L\r\nSize (L x W x H cm): 0.0\r\nWeight (kg): 15\r\nColor: Silver\r\nCapacity (L): 120", "category": 3, "subcategory": 1, "model": "Hisense 120L", "shop": null, "items_left": 76}}, {"model": "shop.product", "pk": 12, "fields": {"name": "Hisense 60 Litres Single Door Refrigerator silver", "image": "static/product_images/1_wd9qDdC.jpg", "price": 346200, "discount": 0, "brand": 11, "reviews": null, "detail": "Hisense 60Liters Single Door Bar Refrigerator - SilverThe Refrigerator  has  a total net capacity of 46 liters, net chiller capacity of 5 liters and a net fridge capacity of 41 liters with dimensions of  (w*d*h mm): 439*470*510, loading capacity(20 ft/40 ft/40 h.C.): 220/4 mechanical control with adjustable thermostat, broad climate design environment-friendly technology monolithic foaming low noise design reversible door plus adjustable legs.There are options of lock & key, door handle and door panel\r\nFEATURES  \r\nA+ Energy Efficiency\r\nEnergy Saving\r\nMechanical control with adjustable thermostat\r\nReversible door\r\nBroad climate design\r\nEnvironment-friendly technology\r\nLow noise\r\nAdjustable leg\r\n2L bottle special location\r\nReasonable Space design\r\nMaximize loading", "weight": 15, "color": "Silver", "type": "60", "specifications": "Glass Shelves\r\nDimensions (mm) HxWxD 820x515x543\r\nGross Volume : 60  liters\r\nNet Volume : 44 liters\r\nSingle Door\r\nColor : silver\r\nBrand: Hisense\r\nModel: RR60DAGSO\r\nColor: Silver\r\nMain Material: Plastic\r\nGross Weight: 15kg\r\nSKU: HI368HA0ZS2JBNAFAMZ\r\nModel: RR60DA\r\nWeight (kg): 5\r\nColor: Silver\r\nWarranty Address: Bugolobi Plot M806 Channel Lane\r\nWarranty Type: Repair by Vendor|Service Center - Kampala|Service Center - Outside Kampala", "category": 3, "subcategory": 1, "model": "RR60DA", "shop": null, "items_left": 33}}, {"model": "shop.product", "pk": 13, "fields": {"name": "SPJ 399 Litres Combo Double Door Bottom Freezer", "image": "static/product_images/1_N9UkYWf.jpg", "price": 1201100, "discount": 0, "brand": 11, "reviews": null, "detail": "Multi air flow systemA refrigerators which has a stylish exterior and spacious interior with multiple compartments to store products.  The refrigerator which is equipped with more efficient cooling systems that keep your food fresher for longer.\r\n\r\nA Double Door Fridge, Top Mount Freezer 399L is \r\nFast freeze functionThe refrigerator has a fast freeze function that enables fast freezing at ones choice thus this enables no fear. \r\nAdjustable Shelves: The spacious refrigerator provides various shelves that can easily be adjusted according to ones like fof storage thus the shelves are movable to ones wish. \r\nDouble Door Refrigerator 349-litre gross capacity Top mount freezer Smart electronic control Interior LED light for fridge compartment Input Voltage: 220-240V Multi-air flow system Humidity Control Silver in Color The post Hisense Double Door Fridge, Top Mount Freezer 399L.", "weight": 7, "color": "silver", "type": "399", "specifications": "399Litres\r\nModel No: RFBINU399C\r\nSmart Frost\r\nSilver \r\nTwo doors\r\nBottom freezer\r\nAdjustable Glass Shelves\r\nLED Display\r\nIce And Egg Tray\r\nInside Light\r\nCrisper Drawer\r\nPowerful Compressor\r\nLow Noise Design\r\nElectronic Temperature Control\r\nSKU: SP667HA121SYBNAFAMZ\r\nModel: RFBINU399C\r\nWeight (kg): 7\r\nColor: Silver\r\nMain Material: Steel\r\nWarranty Address: Ntinda Industrial Area", "category": 3, "subcategory": 1, "model": "RFBINU399C", "shop": null, "items_left": 82}}, {"model": "shop.product", "pk": 14, "fields": {"name": "SPJ 699 Litres Side By Side Elegant French Door Re", "image": "static/product_images/1_NcDjF5q.jpg", "price": 2885900, "discount": 0, "brand": 4, "reviews": null, "detail": "Keep your perishables fresh and your kitchen classy with the SPJ 699 Pure Flat Stainless French Door Fridge. Driven by an inverter compressor motor, the fridge operates efficiently and quietly.\r\n\r\nThis French-door refrigerator comes with total no-frost multi-air flow system which will keep your food fresh. The salad crisper will ensure your greens stay fresh for longer. The Eco energy function and holiday function will make sure that your electricity bills stays small. The fridge comes with interior light and the freezer box has a twist-style icemaker.\r\n\r\nFeatures & Benefits\r\n\r\nMulti -air flow system\r\nSuper cool/ super freeze function\r\nSalad crisper and transparent easy-slide drawer", "weight": 20, "color": "black", "type": "399", "specifications": "699 Litres\r\nModel BLT699\r\nNo Frost\r\nMirror Glass Door\r\nAdjustable Glass Shelves\r\nWater Dispenser\r\nIce And Egg Tray\r\nInside Light\r\nCrisper Drawer\r\nPowerful Compressor\r\nLow Noise Design\r\nOutside LED Display\r\nElectronic Temperature ControlSKU: SP667HA0YJVA7NAFAMZ\r\nProduct Line: Our products are manufactured by SPJ\r\nModel: RF-BLT699C\r\nProduction Country: China\r\nSize (L x W x H cm): W x D x H : 90 x 70 x 176.5\r\nWeight (kg): 20\r\nCertifications: Eco Friendly\r\nColor: Black\r\nMain Material: Glass\r\nShop Type: Jumia Mall\r\nWarranty Address: Ntinda Industrial Area", "category": 3, "subcategory": 1, "model": "RF-BLT699C", "shop": null, "items_left": 29}}, {"model": "shop.product", "pk": 15, "fields": {"name": "SPJ 270 Litres Double Door Fridge With Dispenser -", "image": "static/product_images/1_NduCxec.jpg", "price": 900100, "discount": 0, "brand": 4, "reviews": null, "detail": "The SPJ 270L Double Door Refrigerator with an optimised system design for a quieter life with low noise operation from your appliance. This product has a removable multiple-sealed door that can effectively isolate external heat and is also easy to clean. This product also has a multi-air flow system that distributes cold air evenly at each corner so that food quickly reaches the ideal storage temperature.\r\n\r\n \r\n\r\nFreshness:\r\n\r\n Keep all your food and drinks fresh with the SPJ  270L Top Mount Freezer Double Door Refrigerator . This fridge has all the features necessary; bottom freezer, single Vegetable & Fruit Drawer, door pockets, Chill Compartment and many more modern features to give you the very best in refrigerators\r\n\r\n \r\n\r\nStylish:\r\n\r\n SPJ refrigerators have a stylish exterior and spacious interior with multiple compartments to store products. SPJ refrigerators are equipped with more efficient cooling systems that keep your food fresh for longer time. It keeps your items cool for 24 hours after picking without consuming energy. This is the best energy and eco-friendly refrigerator on the market\r\n\r\n \r\n\r\nFamily Refrigerator: \r\n\r\nIts an integral part of your family’s day-to-day life. We rely on refrigerators as you move through the workweek or weekend; efficient or large-capacity refrigerators such as double door SPJ 270L Double Door Refrigerator  has the capacity to works with low voltages and can survive constant voltage fluctuations. Its mechanical control feature means that you can manually adjust the temperature settings to whichever suits your needs. \r\n\r\n \r\n\r\nThis SPJ refrigerator is also very easy to maintain. This is due to the anti-rust outer body and the inner body is made with galvanized metal. The multi-air cooling function of the SPJ  270L Two Door Refrigerator ensures freshness of consumables at all times. Upon purchase of the refrigerator unit, it comes packaged with a user manual  As the saying goes, Health is wealth; keep food items, fruits and vegetable fresh and crisp in this Refrigerator at all times. It has a cooling retention capacity of up to 48 hours. The bottom refrigerator door comes with bottle holder compartments and an egg tray. Its sleek silver design can blend in with any decor.", "weight": 8, "color": "silver", "type": "270", "specifications": "270 Liters\r\nWater dispenser\r\nLow Noise\r\nDark Silver Color\r\nEnvironmental Friendly Technology\r\nDouble door refrigerator\r\nLED Lamp\r\nDefrost Type: Defrost\r\nFast freeze function\r\nRefrigerator Type : Double Door Refrigerator\r\nMulti air flow system\r\nPrecise temperature control\r\nInterior led light for fridge compartment\r\nFast freeze function\r\nBig vegetable crisper with humidity control design\r\nAdjustable spill-proof shelf\r\nSKU: SP667HA2FLENBNAFAMZ\r\nWeight (kg): 8\r\nColor: Silver\r\nWarranty Address: Ntinda Industrial Area", "category": 3, "subcategory": 1, "model": ": 270 Liters", "shop": null, "items_left": 55}}, {"model": "shop.product", "pk": 16, "fields": {"name": "ADH 120 Liters Single Door Refrigerator - Blue", "image": "static/product_images/1_W6S63dl.jpg", "price": 410600, "discount": 0, "brand": 1, "reviews": null, "detail": "The ADH 120 Liters Single Door Refrigerator in Silver is a stylish and reliable appliance for any home. With its sleek design and spacious interior, it's perfect for families or individuals who want to keep their food and drinks fresh and easily accessible.\r\n\r\n\r\n\r\n \r\n\r\nThis refrigerator has a capacity of 120 liters, providing ample space for all your groceries. The single door design is both practical and elegant, and the silver finish adds a touch of sophistication to any kitchen. The door handle is recessed, giving it a modern look and making it easy to open and close.\r\n\r\n\r\n\r\n \r\n\r\nThe interior of the ADH 120 Liters Single Door Refrigerator is designed to optimize storage space. It features adjustable shelves made of tempered glass, allowing you to easily customize the interior to fit your needs. There's also a spacious freezer compartment for frozen goods, and a built-in ice tray for added convenience.\r\n\r\n\r\n\r\n \r\n\r\nIn terms of performance, this refrigerator is top-notch. It features a powerful compressor that keeps your food and drinks at the perfect temperature. The temperature control is adjustable, allowing you to set it to your preferred level. The refrigerator is also energy-efficient, helping you save on your electricity bill.\r\n\r\n\r\n\r\n \r\n\r\nOverall, the ADH 120 Liters Single Door Refrigerator in Silver is an excellent choice for anyone in need of a reliable and stylish refrigerator. Its spacious interior, adjustable shelves, and sleek design make it the perfect addition to any kitchen.", "weight": 20, "color": "Blue", "type": "120", "specifications": "Spacious 120 liters capacity In Blue Color\r\n- Energy-saving compressor technology\r\n- Adjustable thermostat for temperature control\r\n- Reversible door for flexibility in placement\r\n- Interior lighting for easy access to contents\r\n-Fridge \r\n- Cable \r\nSKU: AD945HA35BWMQNAFAMZ\r\nModel: 120L\r\nWeight (kg): 20\r\nColor: Blue", "category": 3, "subcategory": 1, "model": "120L", "shop": null, "items_left": 52}}, {"model": "shop.product", "pk": 17, "fields": {"name": "Hisense 200L Double Door Refrigerator, - Silver", "image": "static/product_images/1_1SYNQgn.jpg", "price": 960000, "discount": 0, "brand": 4, "reviews": null, "detail": "With an optimized system design, enjoy a quieter life with low noise operation from your Hisense Refrigerator RD20DR4SA. This product has a removable multiple-sealed door that can effectively isolate external heat and is also easy to clean. This product also has a multi-air flow system that distributes cold air evenly at each corner so that food quickly reaches the ideal storage temperature.\r\nFeaturesThe use of the no frost air cooling technology eliminates the hassle of manual frost removal and provides better freezing. The even air flow distribution allows foods to stay fresh longer in a no frost environment. The humidity of the crisper can be changed depending on the type of vegetable being stored.\r\nReliable shelvesThe tempered glass provides a higher load-bearing capacity and is not easily broken as it is four to five times stronger than regular glass. However, if the glass does break, it is designed to not break to sharp shards like standard glass would, making it a much safer alternative. The fully adjustable glass shelving is structured so that when a beverage is split on the shelf, it will not touch the food stored on other shelves. \r\nSave energy and the environmentEnjoy the benefits of Hisense’s fluorine free design with high efficiency and low carbon emission. It adopts an environment-friendly, fluorine-free refrigerant and optimum pipeline design that provides refrigeration efficiency. The well-designed, exterior body and state-of-the-art ultra-micro pore foaming technology effectively reduces refrigeration", "weight": 41, "color": "Silver", "type": "200L", "specifications": "Brand : Hisense \r\nModel : RD20DR\r\nCapacity : 200L \r\nType : Double Door Refrigerator\r\nColor : Silver\r\nHisense 200L RD20DR Top Freezer Double Door Refrigerator - Silver\r\nSKU: HI368HA02SHIANAFAMZ\r\nProduct Line: all age\r\nModel: RD20DR\r\nWeight (kg): 41\r\nColor: Silver\r\nMain Material: metal", "category": 3, "subcategory": 1, "model": "RD20DR", "shop": null, "items_left": 39}}, {"model": "shop.product", "pk": 18, "fields": {"name": "ADH 138 Liters Double Door Refrigerator", "image": "static/product_images/1_L4zJ19o.jpg", "price": 1246400, "discount": 0, "brand": 1, "reviews": null, "detail": "The use of the no frost air cooling technology eliminates the hassle of manual frost removal and provides better freezing. The even air flow distribution allows foods to stay fresh longer in a no frost environment. The humidity of the crisper can be changed depending on the type of vegetable being stored.\r\n\r\nReliable shelves\r\nThe tempered glass provides a higher load-bearing capacity and is not easily broken as it is four to five times stronger than regular glass. However, if the glass does break, it is designed to not break to sharp shards like standard glass would, making it a much safer alternative. The fully adjustable glass shelving is structured so that when a beverage is split on the shelf, it will not touch the food stored on other shelves. \r\n\r\nSave energy and the environment\r\nEnjoy the benefits of adh fluorine free design with high efficiency and low carbon emission. It adopts an environment-friendly, fluorine-free refrigerant and optimum pipeline design that provides refrigeration efficiency. The well-designed, exterior body and state-of-the-art ultra-micro pore foaming technology effectively reduces refrigeration loss.\r\n\r\nFeet Energy Star compact fridge is a true space saver for places like a studio apartment, tiny house or home office. Adjustable, removable shelves allow you to customize the interior. The inside of the door is perfect to hold both bottles and cans of your favorite beverage. The freezer compartment also means you’ll have a place for your ready-to-eat frozen meal and a pint of your favorite ice cream for dessert.\r\nAdh refrigerator is one of the leading manufacturers of the best quality refrigerators worldwide and their products are reliable, affordable, durable and above all, stand a test of time.\r\nOrder for yourself this amazing ADH Refrigerator and Jumia Uganda will deliver right to your doorstep. You will enjoy this product.", "weight": 35, "color": "Grey", "type": "138", "specifications": "Size: 138 Litres\r\nPower: 150W\r\nDouble door\r\nHigh Quality\r\nStrong & Durable\r\nAffordable \r\nDurable \r\nSKU: AD945HA0YL31DNAFAMZ\r\nModel: 138\r\nWeight (kg): 3.5\r\nColor: Grey", "category": 3, "subcategory": 1, "model": "138", "shop": null, "items_left": 31}}, {"model": "shop.product", "pk": 19, "fields": {"name": "SPJ 349 Litres Combo Double Door Bottom Freezer", "image": "static/product_images/1_XssLH9a.jpg", "price": 1092400, "discount": 0, "brand": 4, "reviews": null, "detail": "Multi air flow system\r\nA refrigerators which has a stylish exterior and spacious interior with multiple compartments to store products.  The refrigerator which is equipped with more efficient cooling systems that keep your food fresher for longer.\r\n\r\nTotal no frost\r\n\r\nA Double Door Fridge, Top Mount Freezer 349L is  Frost-free \r\n\r\nFast freeze function\r\nThe refrigerator has a fast freeze function that enables fast freezing at ones choice thus this enables no fear. \r\nAdjustable Shelves: \r\nThe spacious refrigerator provides various shelves that can easily be adjusted according to ones like fof storage thus the shelves are movable to ones wish. \r\nDouble Door Refrigerator 349-litre gross capacity Top mount freezer Smart electronic control Interior LED light for fridge compartment Input Voltage: 220-240V Multi-air flow system Humidity Control Silver in Color The post Hisense Double Door Fridge, Top Mount Freezer 349L, Frost-free", "weight": 10, "color": "silver", "type": "349", "specifications": "349Litres\r\nModel No: RFBINU349\r\nSmart Frost\r\nSilver \r\nTwo doors\r\nBottom freezer\r\nAdjustable Glass Shelves\r\nLED Display\r\nIce And Egg Tray\r\nInside Light\r\nCrisper Drawer\r\nPowerful Compressor\r\nLow Noise Design\r\nElectronic Temperature Control\r\nSKU: SP667HA180503NAFAMZ\r\nModel: RFBINU349\r\nWeight (kg): 10\r\nColor: Silver\r\nMain Material: Steel\r\nWarranty Address: Ntinda Industrial Area", "category": 3, "subcategory": 1, "model": "RFBINU349", "shop": null, "items_left": 57}}, {"model": "shop.product", "pk": 20, "fields": {"name": "SPJ 369L Double Door Bottom Mounted Dispenser", "image": "static/product_images/1_SuO7UmP.jpg", "price": 1364200, "discount": 0, "brand": 4, "reviews": null, "detail": "Multi air flow system\r\nA refrigerators which has a stylish exterior and spacious interior with multiple compartments to store products.  The refrigerator which is equipped with more efficient cooling systems that keep your food fresher for longer.\r\n This is the paddle-shaped plastic piece in the front of the refrigerator. This is depressed, it activated by a small switch in the door of refrigerator that operates a valve in the back of the appliance. A little pressure leads to release of water for drinking perhaps.\r\n\r\nA Double Door Fridge, Top Mount Freezer 369L is  Frost-free, defrost\r\n\r\nFast freeze function\r\nThe refrigerator has a fast freeze function that enables fast freezing at ones choice thus this enables no fear.   \r\nAdjustable Shelves: \r\nThe spacious refrigerator provides various shelves that can easily be adjusted according to ones like f of storage thus the shelves are movable to ones wish.    Double Door Refrigerator 341-litre gross capacity Top mount freezer Smart electronic control Interior LED light for fridge compartment Input Voltage: 220-240V Multi-air flow system Humidity Control Silver in Colour The post Hisense Double Door Fridge, Top Mount Freezer 369L, Frost-free  \r\nFeatures:\r\n\r\nBrand: SPJ\r\nWater dispenser \r\nRecessed handle \r\nBottom Freezer\r\nsoft led lighting \r\nmoisture free crisper \r\nSmart fast cool\r\nBig vegetable crisper with humidity control design\r\nAdjustable spill-proof shelf\r\nVegetable Bin: Yes\r\nBottle Bin: Yes\r\nIce tray: Yes\r\nEgg tray: Yes \r\nColor: Silver\r\nMaterial: Steel\r\nAdjustable glass shelves \r\nSpecifications\r\nKEY FEATURES\r\nBrand: SPJ\r\nWater dispenser \r\nRecessed handle \r\nBottom Freezer\r\nsoft led lighting \r\nmoisture free crisper \r\nSmart fast cool\r\nBig vegetable crisper with humidity control design\r\nAdjustable spill-proof shelf\r\nVegetable Bin: Yes\r\nBottle Bin: Yes\r\nIce tray: Yes\r\nEgg tray: Yes \r\nColor: Silver\r\nMaterial: Steel\r\nAdjustable glass shelves", "weight": 10, "color": "Black", "type": "369", "specifications": "Brand: SPJ\r\nWater dispenser \r\nRecessed handle \r\nBottom Freezer\r\nsoft led lighting \r\nmoisture free crisper \r\nSmart fast cool\r\nBig vegetable crisper with humidity control design\r\nAdjustable spill-proof shelf\r\nVegetable Bin: Yes\r\nBottle Bin: Yes\r\nIce tray: Yes\r\nEgg tray: Yes \r\nColor: Silver\r\nMaterial: Steel\r\nAdjustable glass shelves \r\nSKU: SP667HA0AJO43NAFAMZ\r\nModel: RF-BLU369C\r\nWeight (kg): 10\r\nColor: Black\r\nMain Material: Steel\r\nWarranty Address: Ntinda Industrial Area", "category": 3, "subcategory": 1, "model": "RF-BLU369C", "shop": null, "items_left": 38}}, {"model": "shop.product", "pk": 21, "fields": {"name": "Sano 55X55 Full Gas Cooker", "image": "static/product_images/1_xVFQ3kk.jpg", "price": 549000, "discount": 0, "brand": 8, "reviews": null, "detail": "SANO 55X55 Full Gas Cooker With Rotisserie - Brown\r\nCooking is one of most inevitable things we do everyday. How\r\nmuch time you spend preparing the meal depends on your choice of cooker. Make\r\nyour meals even faster and better with Gas Cooker. Cooking with this hob allows\r\nyou make up to 4 different meals all at once without having to bother about\r\ntime and stress.\r\n\r\n\r\n\r\n\r\n\r\nMake cooking a fun experience with this easy to use gas hob.\r\nWith different fire regulation settings, cook any dish the right way with just\r\nthe right amount of heat. Its portable and lightweight design makes it easy to\r\nfit any kitchen space.\r\n\r\n\r\nIt's a high quality and affordable cooker with 4 gas burners, wide double burner oven that offers big space for baking and grilling, rotisserie for roasting chicken, timer for easy baking, oven lamp, inbuilt gas regulator which saves you 30% gas, double glass oven door for safety and reducing heat loss in the oven, ignition, adjustable stands, stainless steel top, grill, oven trays. Comes with 2 YEARS GUARANTEE AND 3 YEARS WARRANTY. All our cookers are based on Germany technology made in TURKEY and assembled in UGANDA.", "weight": 38, "color": "brown", "type": "sano", "specifications": "4 gas burner\r\nRotisserie\r\nDouble burner oven\r\nTimer\r\nIgnition\r\nOven Lamp\r\nDouble glass oven door\r\nAdjustable stands\r\nGrill\r\n2 oven trays\r\nStainless steel top \r\nFireworks Brown\r\nInbuilt gas regulator\r\n2 YEARS GUARANTEE AND 3 YEARS WARRANTY.\r\nSaves 30% gas\r\nSKU: SA176HA0U46M1NAFAMZ\r\nProduct Line: COOKERS\r\nModel: 55F\r\nSize (L x W x H cm): 64.5X64.5X83\r\nWeight (kg): 38\r\nColor: Fireworks Brown\r\nMain Material: STAINLESS STEEL\r\nShop Type: Jumia Mall", "category": 3, "subcategory": 2, "model": "55F", "shop": null, "items_left": 53}}, {"model": "shop.product", "pk": 22, "fields": {"name": "Saachi Stainless Steel 4 Gas Burner Stove", "image": "static/product_images/1_LLbeejP.jpg", "price": 248100, "discount": 0, "brand": 12, "reviews": null, "detail": "Stainless Steel 4 Gas Burner Stove With Shelves - White\r\nThis model comes with a four burner high power cooker with whirlwind technology. Its trivets and trays help store whatever you need and are detachable which makes it easier to clean.", "weight": 5, "color": "white", "type": "saachi", "specifications": "Four burner\r\nManual Ignition\r\nEnamel coated, detachable trivets and trays\r\nType of gas: Liquefied petroleum gas\r\nLow gas consumption\r\nGas pressure 28-30Pa\r\nSKU: SA127HA084OUTNAFAMZ\r\nModel: 5256\r\nWeight (kg): 5\r\nColor: White\r\nMain Material: Steel\r\nWarranty Address: Namanve / Yamaha Cente", "category": 3, "subcategory": 2, "model": "5256", "shop": null, "items_left": 83}}, {"model": "shop.product", "pk": 23, "fields": {"name": "Blueflame 3 Gas And 1 Electric Hot Plate", "image": "static/product_images/1_gYk6zYq.jpg", "price": 1056000, "discount": 0, "brand": 1, "reviews": null, "detail": "3 Gas and 1 Electric Hot Plate S6031ERF-P With Electric Oven – Black\r\n\r\n \r\n\r\nBLUEFLAME  is a leading manufacturer of electronic home appliances. Their products are affordable, innovative and durable. For every household and kitchen need, Blueflame has appliances that will make every task simple and fun and turns your house into a home. Order for the Blueflame  C5031B, 3 gas + 1 electric hotplate cooker black free standing cooker\r\n\r\n \r\n\r\nAuto Ignition \r\n\r\nNo need to look for match sticks when using the gas burner. This BLUEFLAME Gas cooker comes with auto ignition button on the right, its black in color and with a light spark design in white. just give it a gentle press and your cooker will light up\r\n\r\n \r\n\r\nGas knob locks\r\nThe blueflame gas knobs have a lock system which prevents leakage of gas when the cooker is not in use and safe guards as safety lock for kids\r\n\r\n \r\n\r\nEasy Cleaning\r\n\r\nThe BLUEFLAME Gas Cooker surface material of this cooker makes it easy to clean. The panels are also removable so you can thoroughly clean.\r\n\r\n \r\n\r\nOven\r\nPrepare your food in other ways other than direct cooking. By using the oven and grill, food acquires a stronger, sweeter and healthier flavour. The grill enables to keep the chicken well cooked in the oven. The oven contains a baking tray and a mesh\r\n\r\n \r\n\r\nWarranty\r\nThe cooker comes with a three year warranty and blueflame offers free maintenance services with confirmation of purchase from certified seller\r\nEnamel black top\r\nComes with an enamel black top making it easy to clean and maintain and beautifies the kitchen and gives it a modern outlook\r\n\r\nProduct contains a cooking guide that enables you to know at what temperatures to prepare different type of foods", "weight": 7, "color": "black", "type": "blueflame", "specifications": "3 gas burners and  1 electric plate\r\nElectric oven  with light\r\nself Ignition\r\n2 years of guarantee and 3 years of warranty\r\nStainless steel\r\nhas jet nozzles\r\nRotisserie\r\nTimer\r\nSKU: BL963HA2IO8JYNAFAMZ\r\nWeight (kg): 7\r\nColor: Black", "category": 3, "subcategory": 2, "model": "blueflame", "shop": null, "items_left": 56}}, {"model": "shop.product", "pk": 24, "fields": {"name": "Global Star Gas Stove Cooker", "image": "static/product_images/1_GsfOIY3.jpg", "price": 92800, "discount": 0, "brand": 8, "reviews": null, "detail": "Globalstar Gas Stove Cooker GS-G201SLSS - Black\r\n\r\nChoose from a wide range of Unique products on Jumia and enjoy convenient and secure online shopping, delivery, guaranteed products and competitive pricing. \r\nGrab this deal and more at unbeatable prices with doorstep delivery.", "weight": 5, "color": "Black", "type": "global star", "specifications": "Gas stove\r\nAuto ignition\r\nStainless steel\r\nDouble burner\r\nGlass top\r\nTwo plate\r\nAfter sold service:0751592628/0757415822\r\nSKU: GL325HA103SM6NAFAMZ\r\nProduct Line: Globalstar Gas Stove Cooker GS-G201SLSS\r\nModel: ...\r\nProduction Country: China\r\nWeight (kg): 5\r\nColor: Black\r\nShop Type: Jumia Mall", "category": 3, "subcategory": 2, "model": "global star", "shop": null, "items_left": 25}}, {"model": "auth.permission", "fields": {"name": "Can add log entry", "content_type": ["admin", "logentry"], "codename": "add_logentry"}}, {"model": "auth.permission", "fields": {"name": "Can change log entry", "content_type": ["admin", "logentry"], "codename": "change_logentry"}}, {"model": "auth.permission", "fields": {"name": "Can delete log entry", "content_type": ["admin", "logentry"], "codename": "delete_logentry"}}, {"model": "auth.permission", "fields": {"name": "Can view log entry", "content_type": ["admin", "logentry"], "codename": "view_logentry"}}, {"model": "auth.permission", "fields": {"name": "Can add permission", "content_type": ["auth", "permission"], "codename": "add_permission"}}, {"model": "auth.permission", "fields": {"name": "Can change permission", "content_type": ["auth", "permission"], "codename": "change_permission"}}, {"model": "auth.permission", "fields": {"name": "Can delete permission", "content_type": ["auth", "permission"], "codename": "delete_permission"}}, {"model": "auth.permission", "fields": {"name": "Can view permission", "content_type": ["auth", "permission"], "codename": "view_permission"}}, {"model": "auth.permission", "fields": {"name": "Can add group", "content_type": ["auth", "group"], "codename": "add_group"}}, {"model": "auth.permission", "fields": {"name": "Can change group", "content_type": ["auth", "group"], "codename": "change_group"}}, {"model": "auth.permission", "fields": {"name": "Can delete group", "content_type": ["auth", "group"], "codename": "delete_group"}}, {"model": "auth.permission", "fields": {"name": "Can view group", "content_type": ["auth", "group"], "codename": "view_group"}}, {"model": "auth.permission", "fields": {"name": "Can add user", "content_type": ["auth", "user"], "codename": "add_user"}}, {"model": "auth.permission", "fields": {"name": "Can change user", "content_type": ["auth", "user"], "codename": "change_user"}}, {"model": "auth.permission", "fields": {"name": "Can delete user", "content_type": ["auth", "user"], "codename": "delete_user"}}, {"model": "auth.permission", "fields": {"name": "Can view user", "content_type": ["auth", "user"], "codename": "view_user"}}, {"model": "auth.permission", "fields": {"name": "Can add content type", "content_type": ["contenttypes", "contenttype"], "codename": "add_contenttype"}}, {"model": "auth.permission", "fields": {"name": "Can change content type", "content_type": ["contenttypes", "contenttype"], "codename": "change_contenttype"}}, {"model": "auth.permission", "fields": {"name": "Can delete content type", "content_type": ["contenttypes", "contenttype"], "codename": "delete_contenttype"}}, {"model": "auth.permission", "fields": {"name": "Can view content type", "content_type": ["contenttypes", "contenttype"], "codename": "view_contenttype"}}, {"model": "auth.permission", "fields": {"name": "Can add session", "content_type": ["sessions", "session"], "codename": "add_session"}}, {"model": "auth.permission", "fields": {"name": "Can change session", "content_type": ["sessions", "session"], "codename": "change_session"}}, {"model": "auth.permission", "fields": {"name": "Can delete session", "content_type": ["sessions", "session"], "codename": "delete_session"}}, {"model": "auth.permission", "fields": {"name": "Can view session", "content_type": ["sessions", "session"], "codename": "view_session"}}, {"model": "auth.permission", "fields": {"name": "Can add brand", "content_type": ["shop", "brand"], "codename": "add_brand"}}, {"model": "auth.permission", "fields": {"name": "Can change brand", "content_type": ["shop", "brand"], "codename": "change_brand"}}, {"model": "auth.permission", "fields": {"name": "Can delete brand", "content_type": ["shop", "brand"], "codename": "delete_brand"}}, {"model": "auth.permission", "fields": {"name": "Can view brand", "content_type": ["shop", "brand"], "codename": "view_brand"}}, {"model": "auth.permission", "fields": {"name": "Can add category_front_page", "content_type": ["shop", "category_front_page"], "codename": "add_category_front_page"}}, {"model": "auth.permission", "fields": {"name": "Can change category_front_page", "content_type": ["shop", "category_front_page"], "codename": "change_category_front_page"}}, {"model": "auth.permission", "fields": {"name": "Can delete category_front_page", "content_type": ["shop", "category_front_page"], "codename": "delete_category_front_page"}}, {"model": "auth.permission", "fields": {"name": "Can view category_front_page", "content_type": ["shop", "category_front_page"], "codename": "view_category_front_page"}}, {"model": "auth.permission", "fields": {"name": "Can add rating", "content_type": ["shop", "rating"], "codename": "add_rating"}}, {"model": "auth.permission", "fields": {"name": "Can change rating", "content_type": ["shop", "rating"], "codename": "change_rating"}}, {"model": "auth.permission", "fields": {"name": "Can delete rating", "content_type": ["shop", "rating"], "codename": "delete_rating"}}, {"model": "auth.permission", "fields": {"name": "Can view rating", "content_type": ["shop", "rating"], "codename": "view_rating"}}, {"model": "auth.permission", "fields": {"name": "Can add category", "content_type": ["shop", "category"], "codename": "add_category"}}, {"model": "auth.permission", "fields": {"name": "Can change category", "content_type": ["shop", "category"], "codename": "change_category"}}, {"model": "auth.permission", "fields": {"name": "Can delete category", "content_type": ["shop", "category"], "codename": "delete_category"}}, {"model": "auth.permission", "fields": {"name": "Can view category", "content_type": ["shop", "category"], "codename": "view_category"}}, {"model": "auth.permission", "fields": {"name": "Can add subcategory", "content_type": ["shop", "subcategory"], "codename": "add_subcategory"}}, {"model": "auth.permission", "fields": {"name": "Can change subcategory", "content_type": ["shop", "subcategory"], "codename": "change_subcategory"}}, {"model": "auth.permission", "fields": {"name": "Can delete subcategory", "content_type": ["shop", "subcategory"], "codename": "delete_subcategory"}}, {"model": "auth.permission", "fields": {"name": "Can view subcategory", "content_type": ["shop", "subcategory"], "codename": "view_subcategory"}}, {"model": "auth.permission", "fields": {"name": "Can add product", "content_type": ["shop", "product"], "codename": "add_product"}}, {"model": "auth.permission", "fields": {"name": "Can change product", "content_type": ["shop", "product"], "codename": "change_product"}}, {"model": "auth.permission", "fields": {"name": "Can delete product", "content_type": ["shop", "product"], "codename": "delete_product"}}, {"model": "auth.permission", "fields": {"name": "Can view product", "content_type": ["shop", "product"], "codename": "view_product"}}, {"model": "auth.permission", "fields": {"name": "Can add review", "content_type": ["shop", "review"], "codename": "add_review"}}, {"model": "auth.permission", "fields": {"name": "Can change review", "content_type": ["shop", "review"], "codename": "change_review"}}, {"model": "auth.permission", "fields": {"name": "Can delete review", "content_type": ["shop", "review"], "codename": "delete_review"}}, {"model": "auth.permission", "fields": {"name": "Can view review", "content_type": ["shop", "review"], "codename": "view_review"}}, {"model": "auth.permission", "fields": {"name": "Can add shop", "content_type": ["shop", "shop"], "codename": "add_shop"}}, {"model": "auth.permission", "fields": {"name": "Can change shop", "content_type": ["shop", "shop"], "codename": "change_shop"}}, {"model": "auth.permission", "fields": {"name": "Can delete shop", "content_type": ["shop", "shop"], "codename": "delete_shop"}}, {"model": "auth.permission", "fields": {"name": "Can view shop", "content_type": ["shop", "shop"], "codename": "view_shop"}}, {"model": "auth.user", "fields": {"password": "pbkdf2_sha256$600000$I6CB46NNWiFagwuwbzBmDt$NDtvpJ22ODagGhfS5mYZTPR08pkrZhC9o4qEBwoJtSY=", "last_login": "2024-04-04T22:02:06.574Z", "is_superuser": true, "username": "marvin", "first_name": "", "last_name": "", "email": "namwambamarvin@uopeople.edu", "is_staff": true, "is_active": true, "date_joined": "2024-04-02T16:32:55.041Z", "groups": [], "user_permissions": []}}, {"model": "admin.logentry", "pk": 1, "fields": {"action_time": "2024-04-02T16:44:55.171Z", "user": ["marvin"], "content_type": ["shop", "rating"], "object_id": "1", "object_repr": "rating object (1)", "action_flag": 1, "change_message": "[{\"added\": {}}]"}}, {"model": "admin.logentry", "pk": 2, "fields": {"action_time": "2024-04-02T16:45:06.544Z", "user": ["marvin"], "content_type": ["shop", "rating"], "object_id": "2", "object_repr": "rating object (2)", "action_flag": 1, "change_message": "[{\"added\": {}}]"}}, {"model": "admin.logentry", "pk": 3, "fields": {"action_time": "2024-04-02T16:45:16.035Z", "user": ["marvin"], "content_type": ["shop", "rating"], "object_id": "3", "object_repr": "rating object (3)", "action_flag": 1, "change_message": "[{\"added\": {}}]"}}, {"model": "admin.logentry", "pk": 4, "fields": {"action_time": "2024-04-02T16:45:24.907Z", "user": ["marvin"], "content_type": ["shop", "rating"], "object_id": "4", "object_repr": "rating object (4)", "action_flag": 1, "change_message": "[{\"added\": {}}]"}}, {"model": "admin.logentry", "pk": 5, "fields": {"action_time": "2024-04-02T16:45:34.810Z", "user": ["marvin"], "content_type": ["shop", "rating"], "object_id": "5", "object_repr": "rating object (5)", "action_flag": 1, "change_message": "[{\"added\": {}}]"}}, {"model": "admin.logentry", "pk": 6, "fields": {"action_time": "2024-04-04T22:13:30.855Z", "user": ["marvin"], "content_type": ["shop", "category"], "object_id": "1", "object_repr": "TV's \n televisions", "action_flag": 1, "change_message": "[{\"added\": {}}]"}}, {"model": "admin.logentry", "pk": 7, "fields": {"action_time": "2024-04-04T22:18:04.100Z", "user": ["marvin"], "content_type": ["shop", "category"], "object_id": "2", "object_repr": "Audio \n audio", "action_flag": 1, "change_message": "[{\"added\": {}}]"}}, {"model": "admin.logentry", "pk": 8, "fields": {"action_time": "2024-04-04T22:25:16.802Z", "user": ["marvin"], "content_type": ["shop", "category"], "object_id": "3", "object_repr": "Appliances \n home_and_office_appliances", "action_flag": 1, "change_message": "[{\"added\": {}}]"}}, {"model": "admin.logentry", "pk": 9, "fields": {"action_time": "2024-04-04T23:02:27.954Z", "user": ["marvin"], "content_type": ["shop", "subcategory"], "object_id": "1", "object_repr": "Refrigerators \n djangodbmodelsfieldscharfield", "action_flag": 1, "change_message": "[{\"added\": {}}]"}}, {"model": "admin.logentry", "pk": 10, "fields": {"action_time": "2024-04-04T23:18:43.856Z", "user": ["marvin"], "content_type": ["shop", "subcategory"], "object_id": "2", "object_repr": "Cookers", "action_flag": 1, "change_message": "[{\"added\": {}}]"}}, {"model": "admin.logentry", "pk": 11, "fields": {"action_time": "2024-04-04T23:21:25.387Z", "user": ["marvin"], "content_type": ["shop", "subcategory"], "object_id": "3", "object_repr": "Microwave Ovens", "action_flag": 1, "change_message": "[{\"added\": {}}]"}}, {"model": "admin.logentry", "pk": 12, "fields": {"action_time": "2024-04-04T23:23:02.168Z", "user": ["marvin"], "content_type": ["shop", "subcategory"], "object_id": "4", "object_repr": "Kettles", "action_flag": 1, "change_message": "[{\"added\": {}}]"}}, {"model": "admin.logentry", "pk": 13, "fields": {"action_time": "2024-04-04T23:23:55.964Z", "user": ["marvin"], "content_type": ["shop", "subcategory"], "object_id": "5", "object_repr": "Blenders", "action_flag": 1, "change_message": "[{\"added\": {}}]"}}, {"model": "admin.logentry", "pk": 14, "fields": {"action_time": "2024-04-04T23:25:17.606Z", "user": ["marvin"], "content_type": ["shop", "subcategory"], "object_id": "6", "object_repr": "Ironing & Laundry", "action_flag": 1, "change_message": "[{\"added\": {}}]"}}, {"model": "admin.logentry", "pk": 15, "fields": {"action_time": "2024-04-04T23:27:32.489Z", "user": ["marvin"], "content_type": ["shop", "subcategory"], "object_id": "7", "object_repr": "Toasters and Ovens", "action_flag": 1, "change_message": "[{\"added\": {}}]"}}, {"model": "admin.logentry", "pk": 16, "fields": {"action_time": "2024-04-04T23:28:34.826Z", "user": ["marvin"], "content_type": ["shop", "subcategory"], "object_id": "8", "object_repr": "Air Friers", "action_flag": 1, "change_message": "[{\"added\": {}}]"}}, {"model": "admin.logentry", "pk": 17, "fields": {"action_time": "2024-04-04T23:29:36.536Z", "user": ["marvin"], "content_type": ["shop", "subcategory"], "object_id": "9", "object_repr": "Rice Cookers", "action_flag": 1, "change_message": "[{\"added\": {}}]"}}, {"model": "admin.logentry", "pk": 18, "fields": {"action_time": "2024-04-04T23:31:08.414Z", "user": ["marvin"], "content_type": ["shop", "subcategory"], "object_id": "10", "object_repr": "Washers and Driers", "action_flag": 1, "change_message": "[{\"added\": {}}]"}}, {"model": "admin.logentry", "pk": 19, "fields": {"action_time": "2024-04-04T23:32:06.093Z", "user": ["marvin"], "content_type": ["shop", "subcategory"], "object_id": "11", "object_repr": "Water dispernsers and coolers", "action_flag": 1, "change_message": "[{\"added\": {}}]"}}, {"model": "admin.logentry", "pk": 20, "fields": {"action_time": "2024-04-04T23:33:55.709Z", "user": ["marvin"], "content_type": ["shop", "subcategory"], "object_id": "12", "object_repr": "Dish Washers", "action_flag": 1, "change_message": "[{\"added\": {}}]"}}, {"model": "admin.logentry", "pk": 21, "fields": {"action_time": "2024-04-04T23:36:10.387Z", "user": ["marvin"], "content_type": ["shop", "subcategory"], "object_id": "13", "object_repr": "Fridge Guards", "action_flag": 1, "change_message": "[{\"added\": {}}]"}}, {"model": "admin.logentry", "pk": 22, "fields": {"action_time": "2024-04-04T23:37:27.538Z", "user": ["marvin"], "content_type": ["shop", "subcategory"], "object_id": "14", "object_repr": "Cooking Appliance", "action_flag": 1, "change_message": "[{\"added\": {}}]"}}, {"model": "admin.logentry", "pk": 23, "fields": {"action_time": "2024-04-04T23:42:18.069Z", "user": ["marvin"], "content_type": ["shop", "subcategory"], "object_id": "15", "object_repr": "LED and LCD", "action_flag": 1, "change_message": "[{\"added\": {}}]"}}, {"model": "admin.logentry", "pk": 24, "fields": {"action_time": "2024-04-04T23:43:16.504Z", "user": ["marvin"], "content_type": ["shop", "subcategory"], "object_id": "16", "object_repr": "Smart TVs", "action_flag": 1, "change_message": "[{\"added\": {}}]"}}, {"model": "admin.logentry", "pk": 25, "fields": {"action_time": "2024-04-04T23:45:14.413Z", "user": ["marvin"], "content_type": ["shop", "subcategory"], "object_id": "17", "object_repr": "Portable Audio", "action_flag": 1, "change_message": "[{\"added\": {}}]"}}, {"model": "admin.logentry", "pk": 26, "fields": {"action_time": "2024-04-04T23:48:33.850Z", "user": ["marvin"], "content_type": ["shop", "category"], "object_id": "4", "object_repr": "Phones&Tablets", "action_flag": 1, "change_message": "[{\"added\": {}}]"}}, {"model": "admin.logentry", "pk": 27, "fields": {"action_time": "2024-04-04T23:50:28.495Z", "user": ["marvin"], "content_type": ["shop", "subcategory"], "object_id": "18", "object_repr": "Phones", "action_flag": 1, "change_message": "[{\"added\": {}}]"}}, {"model": "admin.logentry", "pk": 28, "fields": {"action_time": "2024-04-04T23:51:57.656Z", "user": ["marvin"], "content_type": ["shop", "subcategory"], "object_id": "19", "object_repr": "Cell Phones", "action_flag": 1, "change_message": "[{\"added\": {}}]"}}, {"model": "admin.logentry", "pk": 29, "fields": {"action_time": "2024-04-04T23:53:24.677Z", "user": ["marvin"], "content_type": ["shop", "subcategory"], "object_id": "20", "object_repr": "Tablets", "action_flag": 1, "change_message": "[{\"added\": {}}]"}}, {"model": "admin.logentry", "pk": 30, "fields": {"action_time": "2024-04-04T23:54:54.156Z", "user": ["marvin"], "content_type": ["shop", "category"], "object_id": "5", "object_repr": "Watches", "action_flag": 1, "change_message": "[{\"added\": {}}]"}}, {"model": "admin.logentry", "pk": 31, "fields": {"action_time": "2024-04-04T23:56:44.061Z", "user": ["marvin"], "content_type": ["shop", "subcategory"], "object_id": "21", "object_repr": "Smart Watches", "action_flag": 1, "change_message": "[{\"added\": {}}]"}}, {"model": "admin.logentry", "pk": 32, "fields": {"action_time": "2024-04-04T23:58:52.226Z", "user": ["marvin"], "content_type": ["shop", "subcategory"], "object_id": "22", "object_repr": "Phone Accesories", "action_flag": 1, "change_message": "[{\"added\": {}}]"}}, {"model": "admin.logentry", "pk": 33, "fields": {"action_time": "2024-04-05T00:00:31.133Z", "user": ["marvin"], "content_type": ["shop", "category"], "object_id": "6", "object_repr": "Phone Accesorie", "action_flag": 1, "change_message": "[{\"added\": {}}]"}}, {"model": "admin.logentry", "pk": 34, "fields": {"action_time": "2024-04-05T00:02:16.185Z", "user": ["marvin"], "content_type": ["shop", "subcategory"], "object_id": "23", "object_repr": "Chargers", "action_flag": 1, "change_message": "[{\"added\": {}}]"}}, {"model": "admin.logentry", "pk": 35, "fields": {"action_time": "2024-04-05T00:03:15.620Z", "user": ["marvin"], "content_type": ["shop", "subcategory"], "object_id": "24", "object_repr": "Batteries", "action_flag": 1, "change_message": "[{\"added\": {}}]"}}, {"model": "admin.logentry", "pk": 36, "fields": {"action_time": "2024-04-05T00:04:04.604Z", "user": ["marvin"], "content_type": ["shop", "subcategory"], "object_id": "25", "object_repr": "Head Sets", "action_flag": 1, "change_message": "[{\"added\": {}}]"}}, {"model": "admin.logentry", "pk": 37, "fields": {"action_time": "2024-04-05T00:05:05.460Z", "user": ["marvin"], "content_type": ["shop", "subcategory"], "object_id": "26", "object_repr": "Memory Cards", "action_flag": 1, "change_message": "[{\"added\": {}}]"}}, {"model": "admin.logentry", "pk": 38, "fields": {"action_time": "2024-04-05T00:06:16.247Z", "user": ["marvin"], "content_type": ["shop", "subcategory"], "object_id": "27", "object_repr": "Phone Cases", "action_flag": 1, "change_message": "[{\"added\": {}}]"}}, {"model": "admin.logentry", "pk": 39, "fields": {"action_time": "2024-04-05T00:07:37.048Z", "user": ["marvin"], "content_type": ["shop", "subcategory"], "object_id": "28", "object_repr": "Selfie Stick and Tripods", "action_flag": 1, "change_message": "[{\"added\": {}}]"}}, {"model": "admin.logentry", "pk": 40, "fields": {"action_time": "2024-04-05T00:37:27.949Z", "user": ["marvin"], "content_type": ["shop", "category"], "object_id": "6", "object_repr": "Phone Accesories", "action_flag": 2, "change_message": "[{\"changed\": {\"fields\": [\"Name\"]}}]"}}, {"model": "admin.logentry", "pk": 41, "fields": {"action_time": "2024-04-05T00:37:47.863Z", "user": ["marvin"], "content_type": ["shop", "category"], "object_id": "1", "object_repr": "tvs", "action_flag": 2, "change_message": "[{\"changed\": {\"fields\": [\"Name\"]}}]"}}, {"model": "admin.logentry", "pk": 42, "fields": {"action_time": "2024-04-05T00:38:03.423Z", "user": ["marvin"], "content_type": ["shop", "category"], "object_id": "6", "object_repr": "phone accesories", "action_flag": 2, "change_message": "[{\"changed\": {\"fields\": [\"Name\"]}}]"}}, {"model": "admin.logentry", "pk": 43, "fields": {"action_time": "2024-04-05T00:38:14.923Z", "user": ["marvin"], "content_type": ["shop", "category"], "object_id": "5", "object_repr": "watches", "action_flag": 2, "change_message": "[{\"changed\": {\"fields\": [\"Name\"]}}]"}}, {"model": "admin.logentry", "pk": 44, "fields": {"action_time": "2024-04-05T00:38:37.629Z", "user": ["marvin"], "content_type": ["shop", "category"], "object_id": "4", "object_repr": "phones and tablets", "action_flag": 2, "change_message": "[{\"changed\": {\"fields\": [\"Name\"]}}]"}}, {"model": "admin.logentry", "pk": 45, "fields": {"action_time": "2024-04-05T00:38:47.748Z", "user": ["marvin"], "content_type": ["shop", "category"], "object_id": "3", "object_repr": "appliances", "action_flag": 2, "change_message": "[{\"changed\": {\"fields\": [\"Name\"]}}]"}}, {"model": "admin.logentry", "pk": 46, "fields": {"action_time": "2024-04-05T00:38:56.359Z", "user": ["marvin"], "content_type": ["shop", "category"], "object_id": "2", "object_repr": "audio", "action_flag": 2, "change_message": "[{\"changed\": {\"fields\": [\"Name\"]}}]"}}, {"model": "admin.logentry", "pk": 47, "fields": {"action_time": "2024-04-05T12:56:48.909Z", "user": ["marvin"], "content_type": ["shop", "brand"], "object_id": "1", "object_repr": "ADH", "action_flag": 1, "change_message": "[{\"added\": {}}]"}}, {"model": "admin.logentry", "pk": 48, "fields": {"action_time": "2024-04-05T12:58:58.996Z", "user": ["marvin"], "content_type": ["shop", "brand"], "object_id": "2", "object_repr": "Aiwa", "action_flag": 1, "change_message": "[{\"added\": {}}]"}}, {"model": "admin.logentry", "pk": 49, "fields": {"action_time": "2024-04-05T13:08:01.327Z", "user": ["marvin"], "content_type": ["shop", "brand"], "object_id": "3", "object_repr": "Changhong", "action_flag": 1, "change_message": "[{\"added\": {}}]"}}, {"model": "admin.logentry", "pk": 50, "fields": {"action_time": "2024-04-05T13:29:04.274Z", "user": ["marvin"], "content_type": ["shop", "brand"], "object_id": "4", "object_repr": "SPJ", "action_flag": 1, "change_message": "[{\"added\": {}}]"}}, {"model": "admin.logentry", "pk": 51, "fields": {"action_time": "2024-04-05T13:29:42.508Z", "user": ["marvin"], "content_type": ["shop", "brand"], "object_id": "5", "object_repr": "Sayona Apps", "action_flag": 1, "change_message": "[{\"added\": {}}]"}}, {"model": "admin.logentry", "pk": 52, "fields": {"action_time": "2024-04-05T13:30:42.243Z", "user": ["marvin"], "content_type": ["shop", "brand"], "object_id": "6", "object_repr": "LG", "action_flag": 1, "change_message": "[{\"added\": {}}]"}}, {"model": "admin.logentry", "pk": 53, "fields": {"action_time": "2024-04-05T13:31:10.208Z", "user": ["marvin"], "content_type": ["shop", "brand"], "object_id": "7", "object_repr": "ONIDA", "action_flag": 1, "change_message": "[{\"added\": {}}]"}}, {"model": "admin.logentry", "pk": 54, "fields": {"action_time": "2024-04-05T13:31:30.593Z", "user": ["marvin"], "content_type": ["shop", "brand"], "object_id": "8", "object_repr": "HITACHI", "action_flag": 1, "change_message": "[{\"added\": {}}]"}}, {"model": "admin.logentry", "pk": 55, "fields": {"action_time": "2024-04-05T13:31:49.412Z", "user": ["marvin"], "content_type": ["shop", "brand"], "object_id": "9", "object_repr": "Sollatech", "action_flag": 1, "change_message": "[{\"added\": {}}]"}}, {"model": "admin.logentry", "pk": 56, "fields": {"action_time": "2024-04-05T13:32:09.174Z", "user": ["marvin"], "content_type": ["shop", "brand"], "object_id": "10", "object_repr": "Samsung", "action_flag": 1, "change_message": "[{\"added\": {}}]"}}, {"model": "admin.logentry", "pk": 57, "fields": {"action_time": "2024-04-05T13:33:00.277Z", "user": ["marvin"], "content_type": ["shop", "brand"], "object_id": "11", "object_repr": "Hisense", "action_flag": 1, "change_message": "[{\"added\": {}}]"}}, {"model": "admin.logentry", "pk": 58, "fields": {"action_time": "2024-04-05T13:33:32.294Z", "user": ["marvin"], "content_type": ["shop", "brand"], "object_id": "12", "object_repr": "Smartech", "action_flag": 1, "change_message": "[{\"added\": {}}]"}}, {"model": "admin.logentry", "pk": 59, "fields": {"action_time": "2024-04-05T13:33:56.851Z", "user": ["marvin"], "content_type": ["shop", "brand"], "object_id": "13", "object_repr": "Sky", "action_flag": 1, "change_message": "[{\"added\": {}}]"}}, {"model": "admin.logentry", "pk": 60, "fields": {"action_time": "2024-04-05T13:34:38.221Z", "user": ["marvin"], "content_type": ["shop", "brand"], "object_id": "14", "object_repr": "Chiq", "action_flag": 1, "change_message": "[{\"added\": {}}]"}}, {"model": "admin.logentry", "pk": 61, "fields": {"action_time": "2024-04-05T18:14:13.439Z", "user": ["marvin"], "content_type": ["shop", "product"], "object_id": "1", "object_repr": "SPJ 120 Liters Single Door Refrigerator - Silver", "action_flag": 1, "change_message": "[{\"added\": {}}]"}}, {"model": "admin.logentry", "pk": 62, "fields": {"action_time": "2024-04-05T18:29:52.834Z", "user": ["marvin"], "content_type": ["shop", "product"], "object_id": "2", "object_repr": "SPJ 229 Litres Double Door Refrigerator - INOX", "action_flag": 1, "change_message": "[{\"added\": {}}]"}}, {"model": "admin.logentry", "pk": 63, "fields": {"action_time": "2024-04-05T18:38:55.196Z", "user": ["marvin"], "content_type": ["shop", "product"], "object_id": "3", "object_repr": "SPJ 270L Double Door Fridge With Top Mount Freezer", "action_flag": 1, "change_message": "[{\"added\": {}}]"}}, {"model": "admin.logentry", "pk": 64, "fields": {"action_time": "2024-04-05T19:25:18.691Z", "user": ["marvin"], "content_type": ["shop", "product"], "object_id": "4", "object_repr": "Hisense 229 Litres Single Door Silver Fridge With", "action_flag": 1, "change_message": "[{\"added\": {}}]"}}, {"model": "admin.logentry", "pk": 65, "fields": {"action_time": "2024-04-05T19:36:23.675Z", "user": ["marvin"], "content_type": ["shop", "product"], "object_id": "5", "object_repr": "SPJ 399 Litres Combo Double Door Bottom Freezer Fr", "action_flag": 1, "change_message": "[{\"added\": {}}]"}}, {"model": "admin.logentry", "pk": 66, "fields": {"action_time": "2024-04-05T19:57:49.242Z", "user": ["marvin"], "content_type": ["shop", "product"], "object_id": "6", "object_repr": "Hisense Mini Fridge Hisense 1", "action_flag": 1, "change_message": "[{\"added\": {}}]"}}, {"model": "admin.logentry", "pk": 67, "fields": {"action_time": "2024-04-05T20:15:40.322Z", "user": ["marvin"], "content_type": ["shop", "product"], "object_id": "7", "object_repr": "SPJ 120 Liters Single Door Refrigerator - Black", "action_flag": 1, "change_message": "[{\"added\": {}}]"}}, {"model": "admin.logentry", "pk": 68, "fields": {"action_time": "2024-04-05T21:20:24.795Z", "user": ["marvin"], "content_type": ["shop", "product"], "object_id": "8", "object_repr": "Hisense 341 Litres Double Door Bottom Freezer (Def", "action_flag": 1, "change_message": "[{\"added\": {}}]"}}, {"model": "admin.logentry", "pk": 69, "fields": {"action_time": "2024-04-05T21:25:54.849Z", "user": ["marvin"], "content_type": ["shop", "product"], "object_id": "9", "object_repr": "SPJ 699 Litres Side By Side Elegant French Door Re", "action_flag": 1, "change_message": "[{\"added\": {}}]"}}, {"model": "admin.logentry", "pk": 70, "fields": {"action_time": "2024-04-05T21:32:18.000Z", "user": ["marvin"], "content_type": ["shop", "product"], "object_id": "10", "object_repr": "ADH 168 Litres Top Freezer Double Door Refrigerato", "action_flag": 1, "change_message": "[{\"added\": {}}]"}}, {"model": "admin.logentry", "pk": 71, "fields": {"action_time": "2024-04-06T10:16:33.221Z", "user": ["marvin"], "content_type": ["shop", "product"], "object_id": "11", "object_repr": "Hisense Mini Fridge Hisense 1", "action_flag": 1, "change_message": "[{\"added\": {}}]"}}, {"model": "admin.logentry", "pk": 72, "fields": {"action_time": "2024-04-06T10:31:18.955Z", "user": ["marvin"], "content_type": ["shop", "product"], "object_id": "12", "object_repr": "Hisense 60 Litres Single Door Refrigerator silver", "action_flag": 1, "change_message": "[{\"added\": {}}]"}}, {"model": "admin.logentry", "pk": 73, "fields": {"action_time": "2024-04-06T10:55:40.087Z", "user": ["marvin"], "content_type": ["shop", "product"], "object_id": "13", "object_repr": "SPJ 399 Litres Combo Double Door Bottom Freezer", "action_flag": 1, "change_message": "[{\"added\": {}}]"}}, {"model": "admin.logentry", "pk": 74, "fields": {"action_time": "2024-04-06T11:16:26.751Z", "user": ["marvin"], "content_type": ["shop", "product"], "object_id": "14", "object_repr": "SPJ 699 Litres Side By Side Elegant French Door Re", "action_flag": 1, "change_message": "[{\"added\": {}}]"}}, {"model": "admin.logentry", "pk": 75, "fields": {"action_time": "2024-04-06T11:54:17.556Z", "user": ["marvin"], "content_type": ["shop", "product"], "object_id": "15", "object_repr": "SPJ 270 Litres Double Door Fridge With Dispenser -", "action_flag": 1, "change_message": "[{\"added\": {}}]"}}, {"model": "admin.logentry", "pk": 76, "fields": {"action_time": "2024-04-06T12:16:47.317Z", "user": ["marvin"], "content_type": ["shop", "product"], "object_id": "16", "object_repr": "ADH 120 Liters Single Door Refrigerator - Blue", "action_flag": 1, "change_message": "[{\"added\": {}}]"}}, {"model": "admin.logentry", "pk": 77, "fields": {"action_time": "2024-04-06T12:39:27.580Z", "user": ["marvin"], "content_type": ["shop", "product"], "object_id": "17", "object_repr": "Hisense 200L Double Door Refrigerator, - Silver", "action_flag": 1, "change_message": "[{\"added\": {}}]"}}, {"model": "admin.logentry", "pk": 78, "fields": {"action_time": "2024-04-06T12:57:29.638Z", "user": ["marvin"], "content_type": ["shop", "product"], "object_id": "18", "object_repr": "ADH 138 Liters Double Door Refrigerator", "action_flag": 1, "change_message": "[{\"added\": {}}]"}}, {"model": "admin.logentry", "pk": 79, "fields": {"action_time": "2024-04-06T13:09:07.742Z", "user": ["marvin"], "content_type": ["shop", "product"], "object_id": "19", "object_repr": "SPJ 349 Litres Combo Double Door Bottom Freezer", "action_flag": 1, "change_message": "[{\"added\": {}}]"}}, {"model": "admin.logentry", "pk": 80, "fields": {"action_time": "2024-04-06T13:24:06.281Z", "user": ["marvin"], "content_type": ["shop", "product"], "object_id": "20", "object_repr": "SPJ 369L Double Door Bottom Mounted Dispenser", "action_flag": 1, "change_message": "[{\"added\": {}}]"}}, {"model": "admin.logentry", "pk": 81, "fields": {"action_time": "2024-04-06T14:02:04.743Z", "user": ["marvin"], "content_type": ["shop", "product"], "object_id": "21", "object_repr": "Sano 55X55 Full Gas Cooker", "action_flag": 1, "change_message": "[{\"added\": {}}]"}}, {"model": "admin.logentry", "pk": 82, "fields": {"action_time": "2024-04-06T14:22:06.556Z", "user": ["marvin"], "content_type": ["shop", "product"], "object_id": "22", "object_repr": "Saachi Stainless Steel 4 Gas Burner Stove", "action_flag": 1, "change_message": "[{\"added\": {}}]"}}, {"model": "admin.logentry", "pk": 83, "fields": {"action_time": "2024-04-06T14:36:13.367Z", "user": ["marvin"], "content_type": ["shop", "product"], "object_id": "23", "object_repr": "Blueflame 3 Gas And 1 Electric Hot Plate", "action_flag": 1, "change_message": "[{\"added\": {}}]"}}, {"model": "admin.logentry", "pk": 84, "fields": {"action_time": "2024-04-06T14:45:43.356Z", "user": ["marvin"], "content_type": ["shop", "product"], "object_id": "24", "object_repr": "Global Star Gas Stove Cooker", "action_flag": 1, "change_message": "[{\"added\": {}}]"}}, {"model": "admin.logentry", "pk": 85, "fields": {"action_time": "2024-04-06T21:47:35.426Z", "user": ["marvin"], "content_type": ["shop", "category"], "object_id": "7", "object_repr": "", "action_flag": 3, "change_message": ""}}, {"model": "admin.logentry", "pk": 86, "fields": {"action_time": "2024-04-07T11:53:03.292Z", "user": ["marvin"], "content_type": ["shop", "category"], "object_id": "8", "object_repr": "Computing", "action_flag": 1, "change_message": "[{\"added\": {}}]"}}, {"model": "admin.logentry", "pk": 87, "fields": {"action_time": "2024-04-07T11:54:52.918Z", "user": ["marvin"], "content_type": ["shop", "category"], "object_id": "9", "object_repr": "Cameras and Photography", "action_flag": 1, "change_message": "[{\"added\": {}}]"}}]